first_name,last_name,date_of_birth,mobile_no,email,above_18,membership_id
Jennifer,Vega,19710703,66551251,Jennifer_Vega@jenkins.net,1,Vega_fc7cb
Aaron,Wilson,19870517,75053391,Aaron_Wilson@burke-benton.net,1,Wilson_6845c
Samuel,Lee,19740902,57636831,Samuel_Lee@gardner-rodriguez.net,1,Lee_d3d5c
Jennifer,Weaver,19781015,74152151,Jennifer_Weaver@patterson.com,1,Weaver_feb81
Timothy,Ortega,19980401,59312963,Timothy_Ortega@ramos.com,1,Ortega_dd4da
Leonard,Hamilton,19880229,76082775,Leonard_Hamilton@brown.com,1,Hamilton_f2276
Kathy,Phillips,19841216,57829247,Kathy_Phillips@floyd.com,1,Phillips_608c9
Danny,Simmons,19631013,26313911,Danny_Simmons@morales.com,1,Simmons_cd946
Jennifer,Jimenez,19921121,59592559,Jennifer_Jimenez@morgan.com,1,Jimenez_5ed59
Penny,Lopez,19540925,99596291,Penny_Lopez@young-huang.net,1,Lopez_7b621
Victoria,Lawson,19540412,24045823,Victoria_Lawson@snyder.com,1,Lawson_6d37f
Michael,Martinez,19521107,40271975,Michael_Martinez@hogan.net,1,Martinez_bc0fc
Samantha,Sullivan,19600423,64913455,Samantha_Sullivan@cunningham-williams.com,1,Sullivan_61495
Paul,Jones,19940215,91301999,Paul_Jones@clark-irwin.com,1,Jones_f903f
Danielle,Tran,19880826,85246679,Danielle_Tran@mann.com,1,Tran_40aaa
Jeff,Freeman,20030520,13590655,Jeff_Freeman@guzman.com,1,Freeman_35a3d
Marissa,Jones,19580806,32094119,Marissa_Jones@lewis.net,1,Jones_cdd9f
Elijah,Roy,19870705,57159015,Elijah_Roy@jones-baldwin.com,1,Roy_57ef7
Courtney,Simpson,19731103,77314887,Courtney_Simpson@preston-cantrell.com,1,Simpson_7383f
Kimberly,Hopkins,19931022,67364511,Kimberly_Hopkins@adams.com,1,Hopkins_56d12
William,King,19841115,21561215,William_King@cline-allen.com,1,King_4ae33
Stephanie,Robertson,20020508,75259367,Stephanie_Robertson@owen-rodriguez.com,1,Robertson_e101e
Rickey,Hill,19640430,56465207,Rickey_Hill@parker-cohen.com,1,Hill_bd6cc
Erika,Stewart,19851226,83552695,Erika_Stewart@solis.com,1,Stewart_40f40
Gregory,Allen,19780122,48871907,Gregory_Allen@stanley.net,1,Allen_c7f06
Christina,Johnson,20010622,30262983,Christina_Johnson@clark.com,1,Johnson_5dcd5
Kelli,Wells,19540308,27406215,Kelli_Wells@jones.com,1,Wells_5c2c0
Nathan,Archer,19560723,72954367,Nathan_Archer@gray.com,1,Archer_c6232
Michael,Kline,19650623,20968343,Michael_Kline@phelps-alvarez.com,1,Kline_6fe75
Joshua,Rodriguez,19530317,27953967,Joshua_Rodriguez@thornton-benitez.com,1,Rodriguez_1eec6
James,Rodriguez,19810717,50981423,James_Rodriguez@logan.com,1,Rodriguez_a7ea3
Robert,Ortega,19600316,57040695,Robert_Ortega@perez.com,1,Ortega_7f647
Teresa,Ruiz,19510904,22432447,Teresa_Ruiz@holmes.com,1,Ruiz_e89df
Madison,Mejia,19530323,73824679,Madison_Mejia@sims.com,1,Mejia_10b0a
James,Bailey,19860710,26146743,James_Bailey@flynn.net,1,Bailey_6dd20
Mary,Perry,19730808,57879711,Mary_Perry@williams.net,1,Perry_e8625
Crystal,Jones,19620914,39588047,Crystal_Jones@webb.com,1,Jones_85733
Aaron,Brown,19860502,43815191,Aaron_Brown@yates.com,1,Brown_9035e
Brian,Contreras,19650807,89794399,Brian_Contreras@hill.net,1,Contreras_168d7
Tanya,Barajas,19740430,92793871,Tanya_Barajas@davis.com,1,Barajas_c09f8
Ashley,Frost,19521020,16473423,Ashley_Frost@brown-hill.com,1,Frost_ddfa1
Samantha,Rasmussen,19940621,26634223,Samantha_Rasmussen@stokes-leon.com,1,Rasmussen_0fcc4
Erica,Weber,19930908,20074939,Erica_Weber@harris-fox.com,1,Weber_dcb98
Amanda,Campbell,19810324,21954431,Amanda_Campbell@parker.com,1,Campbell_fe47b
Vincent,Martin,19840124,55457087,Vincent_Martin@wright-lee.com,1,Martin_92713
Tony,Crawford,19870818,15997263,Tony_Crawford@moore.com,1,Crawford_a2a35
Randy,Sullivan,19611025,15665967,Randy_Sullivan@perez.net,1,Sullivan_7d828
Kimberly,Thompson,20001112,88531623,Kimberly_Thompson@brewer-walters.net,1,Thompson_5e06b
William,Hopkins,20010401,12277875,William_Hopkins@snyder.com,1,Hopkins_3c396
Martin,Compton,19840602,42037887,Martin_Compton@morgan.com,1,Compton_395a9
Anthony,Gross,19660423,92193723,Anthony_Gross@pratt.com,1,Gross_9a287
Tracy,Brown,19720823,26044711,Tracy_Brown@joyce.com,1,Brown_8baf8
James,Stanley,20010810,51351887,James_Stanley@beltran.com,1,Stanley_9b20e
Norma,Jenkins,19570323,78071863,Norma_Jenkins@larson.com,1,Jenkins_e5537
Leslie,Preston,19721005,71892959,Leslie_Preston@johns.com,1,Preston_b78bc
Crystal,Valdez,20030208,65598575,Crystal_Valdez@stewart-randolph.com,1,Valdez_21710
Jay,Parker,19930930,57583783,Jay_Parker@fowler.net,1,Parker_311d6
Lance,Williams,19730807,19310567,Lance_Williams@williams.net,1,Williams_44d67
Carl,Taylor,19751201,27075015,Carl_Taylor@melendez.com,1,Taylor_90a08
Brenda,Dean,19690215,55037019,Brenda_Dean@allison-hill.com,1,Dean_33bcc
Kathleen,Allen,19860113,38829559,Kathleen_Allen@cook.com,1,Allen_b02ca
Patricia,Olsen,19981124,70673187,Patricia_Olsen@haynes-blankenship.com,1,Olsen_98e22
Marie,Lamb,19790410,26841263,Marie_Lamb@hampton.com,1,Lamb_5dc6d
Nathan,Flores,19790904,86883135,Nathan_Flores@gibbs.net,1,Flores_b1169
Ashley,Caldwell,19880903,13420663,Ashley_Caldwell@mason-bryant.com,1,Caldwell_aa013
David,Frank,19680928,31192639,David_Frank@reyes-thomas.com,1,Frank_97c93
Heather,Boyle,20030103,91679575,Heather_Boyle@lopez.com,1,Boyle_95a81
Renee,Martin,19810421,55803823,Renee_Martin@crawford-walker.com,1,Martin_caab2
Keith,Parker,19640826,40120471,Keith_Parker@moore.com,1,Parker_0793e
Ernest,Blake,19990621,27155511,Ernest_Blake@long.com,1,Blake_ed155
Melissa,Levy,19500330,51842935,Melissa_Levy@arroyo.com,1,Levy_bef91
Brandon,Powell,19760606,43375815,Brandon_Powell@craig-gonzales.net,1,Powell_fe4b6
Lisa,Holloway,19720201,73751431,Lisa_Holloway@brown.com,1,Holloway_4ada4
Kimberly,Stone,19940512,25323999,Kimberly_Stone@murphy-bryant.com,1,Stone_1d9aa
Adam,Jones,19730316,55082935,Adam_Jones@ashley.com,1,Jones_575ba
Richard,Tucker,19710625,53838335,Richard_Tucker@murphy.com,1,Tucker_0eb60
Elizabeth,Andersen,19740123,69096535,Elizabeth_Andersen@baker.com,1,Andersen_61066
Destiny,Lutz,19941204,87853607,Destiny_Lutz@thompson-wright.com,1,Lutz_6aa1c
Brandy,Allen,19810113,92130799,Brandy_Allen@hardy-griffin.com,1,Allen_54dd1
Stephanie,Decker,19770905,92626639,Stephanie_Decker@barrett.net,1,Decker_0c2ca
Michelle,Keller,19510706,56139711,Michelle_Keller@johnson.com,1,Keller_86f7a
Stacey,Yates,19920812,30115967,Stacey_Yates@lewis.com,1,Yates_d9866
Sue,Lee,19860829,97367575,Sue_Lee@rojas.com,1,Lee_f9df7
Anna,Long,19740316,52566967,Anna_Long@coleman.com,1,Long_850ab
Annette,Watson,19580423,67851175,Annette_Watson@brown-brennan.com,1,Watson_6dc0c
Robert,Perez,19690528,38876643,Robert_Perez@anderson-shaw.net,1,Perez_6ff11
James,Thomas,19520509,58718239,James_Thomas@torres.net,1,Thomas_6cc50
Kelli,Olson,19960723,50265023,Kelli_Olson@campbell.net,1,Olson_50aa7
Becky,Reid,19751027,37025287,Becky_Reid@vargas.net,1,Reid_1bdd4
Wesley,Shaw,19830121,76819471,Wesley_Shaw@henderson-gibson.com,1,Shaw_afe1c
Pamela,Boyd,19680628,25030751,Pamela_Boyd@freeman.com,1,Boyd_94bd7
Jeremy,Lewis,19530107,44159519,Jeremy_Lewis@murray.com,1,Lewis_644d9
Jennifer,Garza,19890603,31999455,Jennifer_Garza@herrera-klein.com,1,Garza_be6d1
Larry,Wilson,19670221,56158527,Larry_Wilson@perry.com,1,Wilson_0ce7d
Joshua,Thompson,19840830,98999803,Joshua_Thompson@morrow.com,1,Thompson_9e058
Dennis,Williams,19660711,93993079,Dennis_Williams@rivas.com,1,Williams_8e4f0
Karen,Morton,19911004,36838791,Karen_Morton@romero.com,1,Morton_2f8fd
Joseph,Perry,19510616,16254071,Joseph_Perry@tucker.com,1,Perry_b530f
Heather,Herman,19710606,97877423,Heather_Herman@williams-lindsey.com,1,Herman_0ab62
Laura,Lopez,19901221,72627367,Laura_Lopez@rodriguez.com,1,Lopez_ea347
Joel,Webb,19890910,37839071,Joel_Webb@solis-swanson.com,1,Webb_ab881
Donna,Malone,19520710,89038207,Donna_Malone@brown.com,1,Malone_16828
Reginald,Barnes,19730214,19884399,Reginald_Barnes@walker-robinson.com,1,Barnes_f462c
Brett,House,19841126,98114087,Brett_House@rose-clarke.com,1,House_3cb13
Robert,Weaver,19820218,39131199,Robert_Weaver@young-leonard.com,1,Weaver_201e1
Beth,Martinez,19681225,87909191,Beth_Martinez@johnson.com,1,Martinez_204f4
Nicole,Small,19570414,82553335,Nicole_Small@nolan-randall.com,1,Small_09b68
Anthony,Cline,19890125,64231171,Anthony_Cline@rivera-collier.net,1,Cline_d04f7
Spencer,Ware,19801009,74599951,Spencer_Ware@montgomery-lane.com,1,Ware_0b5e6
Willie,Erickson,19910110,53673855,Willie_Erickson@bartlett.com,1,Erickson_3df9d
Daniel,Nguyen,19590903,37673823,Daniel_Nguyen@mccall.com,1,Nguyen_6a5e7
Tiffany,Brown,20030217,27755951,Tiffany_Brown@stout-thompson.com,1,Brown_1d91b
Leonard,Martinez,19560922,14452319,Leonard_Martinez@mcbride.com,1,Martinez_7564a
Thomas,Forbes,19591023,25036935,Thomas_Forbes@beck.com,1,Forbes_60d80
Robert,Stephens,20000619,92784815,Robert_Stephens@lopez.com,1,Stephens_5a6e3
Kevin,Mayo,19761029,76234311,Kevin_Mayo@pope-jones.com,1,Mayo_d6f2e
Daniel,Chen,19520716,46750383,Daniel_Chen@little.com,1,Chen_7d3b1
Samuel,Dalton,19960916,75194711,Samuel_Dalton@marquez.com,1,Dalton_32ce4
Heather,Bennett,20020105,64795847,Heather_Bennett@hamilton-blair.com,1,Bennett_dcbc8
Joshua,King,20000601,99342223,Joshua_King@hale.net,1,King_f3369
Randy,Moyer,20030617,32958939,Randy_Moyer@jennings-brown.com,1,Moyer_839f3
Crystal,Blake,19701117,97878511,Crystal_Blake@parker.com,1,Blake_e7660
Heather,Combs,19590428,18518647,Heather_Combs@powell.com,1,Combs_2d19f
Amanda,Evans,19590224,92559519,Amanda_Evans@cox.com,1,Evans_62a52
Sergio,Day,19510531,27091295,Sergio_Day@guzman-garrett.com,1,Day_69b70
Julie,Boyd,19690906,47949079,Julie_Boyd@white-george.com,1,Boyd_9e514
Tara,Barnes,19540108,42232079,Tara_Barnes@shepherd.com,1,Barnes_92ec5
Logan,Watkins,20000511,87081215,Logan_Watkins@hernandez.com,1,Watkins_c9964
Steven,Ortiz,19670506,15073183,Steven_Ortiz@hamilton.com,1,Ortiz_8f14e
Lisa,Marquez,19710326,18443671,Lisa_Marquez@day-smith.com,1,Marquez_7aa36
Sergio,Hughes,19810903,86954943,Sergio_Hughes@cardenas.com,1,Hughes_80b46
Destiny,Rojas,19860121,27351983,Destiny_Rojas@stanton.com,1,Rojas_1f285
Danny,Lewis,19521225,41036747,Danny_Lewis@turner.com,1,Lewis_07faf
Jennifer,Martin,19830527,83212175,Jennifer_Martin@moore.com,1,Martin_82381
Arthur,Chandler,19610210,18438007,Arthur_Chandler@martin.com,1,Chandler_4ab75
Cheryl,Crosby,19580930,54032091,Cheryl_Crosby@bowman-potter.com,1,Crosby_9b4b3
Ronald,Hudson,19510310,66192423,Ronald_Hudson@carson.com,1,Hudson_31f1d
Jennifer,Lee,19500401,35305031,Jennifer_Lee@guerra-lopez.com,1,Lee_f2321
Gregory,Yoder,19530620,75705319,Gregory_Yoder@robinson-johnson.com,1,Yoder_70108
Carolyn,Harmon,19980124,55977599,Carolyn_Harmon@watts-horn.com,1,Harmon_69598
Christopher,Harrell,19700630,52999479,Christopher_Harrell@lindsey.com,1,Harrell_7257b
Kevin,Johnson,19930802,15154639,Kevin_Johnson@rogers.com,1,Johnson_a67f3
Michael,Harrison,19510819,29087871,Michael_Harrison@franklin.com,1,Harrison_087c8
Terry,Moore,19870615,19828167,Terry_Moore@barker-ayers.com,1,Moore_c62aa
James,Rogers,19930704,65821255,James_Rogers@green.net,1,Rogers_656af
Kathleen,Tran,19740211,20044927,Kathleen_Tran@wilson.net,1,Tran_b0eca
Bryan,Martinez,19610604,45478631,Bryan_Martinez@bennett-mitchell.info,1,Martinez_ad61a
Jacqueline,Conway,19710617,91842383,Jacqueline_Conway@robinson-carson.com,1,Conway_ae427
Chad,Clark,19610919,54277383,Chad_Clark@hodges.com,1,Clark_35061
Maxwell,Cole,19510203,41796463,Maxwell_Cole@larson.com,1,Cole_92aa4
Bethany,Williamson,19540310,40227935,Bethany_Williamson@flores.com,1,Williamson_2b72a
Joseph,Wright,19570521,40768583,Joseph_Wright@powell.net,1,Wright_f1b73
Thomas,Rogers,19970819,36072875,Thomas_Rogers@banks-perkins.net,1,Rogers_3818b
Jenny,Lewis,19970607,62475987,Jenny_Lewis@flores.com,1,Lewis_c3fb8
Heidi,Bolton,19560616,58079023,Heidi_Bolton@spencer.com,1,Bolton_06e0a
Daniel,Lewis,19770205,48084439,Daniel_Lewis@robertson.com,1,Lewis_e0082
Dale,Ramirez,19550323,59875791,Dale_Ramirez@patton.com,1,Ramirez_63293
Carol,Sharp,19751203,18014567,Carol_Sharp@garcia-lamb.com,1,Sharp_19bdd
Joseph,Buck,19520311,34270063,Joseph_Buck@jacobs.com,1,Buck_542b9
Lynn,Anderson,19960113,75488911,Lynn_Anderson@williams-carter.com,1,Anderson_542fb
Emily,Andrews,19550427,20594859,Emily_Andrews@reyes-singh.com,1,Andrews_bbb39
Sarah,Harris,20010530,52442775,Sarah_Harris@thomas-sanchez.com,1,Harris_526ca
Victor,Owens,19960815,53064383,Victor_Owens@collins.com,1,Owens_620f1
Kimberly,Koch,19870125,35893839,Kimberly_Koch@rodriguez.net,1,Koch_43971
Allison,Obrien,19620423,81154631,Allison_Obrien@bailey-sanders.com,1,Obrien_00e34
John,Rogers,19710509,21046575,John_Rogers@oneill.com,1,Rogers_83dc9
Laura,Bailey,19701108,56551543,Laura_Bailey@snyder.com,1,Bailey_2efee
Janet,Collins,19840721,89424095,Janet_Collins@farrell.com,1,Collins_120bd
Kristin,Lawson,19761101,36661711,Kristin_Lawson@salinas.com,1,Lawson_a0aec
James,Castaneda,19640126,64715807,James_Castaneda@miller-hart.com,1,Castaneda_7660a
Michael,Middleton,19810408,85114431,Michael_Middleton@williams-zamora.com,1,Middleton_48fdc
Robert,Ortiz,19761108,80296223,Robert_Ortiz@saunders-hunter.com,1,Ortiz_66abd
Connie,Harper,19950627,21369119,Connie_Harper@lewis.com,1,Harper_709ac
Debbie,Burns,19830806,95570935,Debbie_Burns@salinas.com,1,Burns_f2b3a
Gabriel,Preston,19961120,88336263,Gabriel_Preston@black.com,1,Preston_b6298
Steven,Hodges,19510309,65795715,Steven_Hodges@sanchez-phillips.com,1,Hodges_b121e
Brandon,Orozco,19870717,59988495,Brandon_Orozco@greene.com,1,Orozco_02d2b
Kari,Nguyen,19991119,47980591,Kari_Nguyen@farley.com,1,Nguyen_6f546
Brittany,Hill,19870605,90817791,Brittany_Hill@rogers-hoffman.com,1,Hill_2c87a
Carrie,Martinez,19740124,96107743,Carrie_Martinez@hendrix.com,1,Martinez_a7c33
Jeffery,Hill,19591223,26071551,Jeffery_Hill@cook-lloyd.com,1,Hill_e24f9
Linda,White,19751015,84876711,Linda_White@moore.com,1,White_e9960
Jake,Spencer,20020509,53533879,Jake_Spencer@murphy.com,1,Spencer_c21d7
Joseph,Chan,19660922,19544079,Joseph_Chan@hutchinson-gutierrez.com,1,Chan_f9d1e
Sara,Dominguez,19860220,69114407,Sara_Dominguez@delgado.com,1,Dominguez_40133
Kathleen,Ali,19960602,45338687,Kathleen_Ali@horn-rogers.com,1,Ali_a2746
Danielle,Stephens,19610929,16838823,Danielle_Stephens@miller.net,1,Stephens_baaae
Ann,Wolf,19801211,26916187,Ann_Wolf@wilkins.com,1,Wolf_cc499
Brianna,Schaefer,19760312,34700887,Brianna_Schaefer@nelson-mcmahon.com,1,Schaefer_ff120
Angela,Morris,19760207,89409391,Angela_Morris@murray.com,1,Morris_d143a
Cristian,Kelley,19510801,22272647,Cristian_Kelley@taylor-colon.net,1,Kelley_0ae1d
Jeffrey,Turner,19841201,30152387,Jeffrey_Turner@robinson.com,1,Turner_269ef
Jesse,Perry,19691013,45471479,Jesse_Perry@marsh.net,1,Perry_1c3c6
Ricardo,Cruz,19780502,83436279,Ricardo_Cruz@salazar-manning.com,1,Cruz_5d6f3
Jessica,Smith,19510531,97984639,Jessica_Smith@walsh-steele.com,1,Smith_69b70
Brenda,Long,19510914,45992583,Brenda_Long@carter.net,1,Long_f0fca
Megan,Taylor,19931005,12610975,Megan_Taylor@montgomery.com,1,Taylor_7a3e1
Kelly,Morales,19800227,44799815,Kelly_Morales@sanchez.com,1,Morales_3cabc
Sheri,Johnson,19880422,34118127,Sheri_Johnson@lucas.com,1,Johnson_5c594
Lori,Pacheco,19620630,94662495,Lori_Pacheco@ayala.com,1,Pacheco_7ccf5
Sandra,Schmidt,19590711,50638143,Sandra_Schmidt@herrera.com,1,Schmidt_be25c
Rachel,Hill,19540212,55824367,Rachel_Hill@gutierrez.com,1,Hill_bc827
Emily,Case,19850508,90216215,Emily_Case@lewis.com,1,Case_1fe51
Seth,Alvarez,19800801,90929927,Seth_Alvarez@conrad.com,1,Alvarez_f00bd
Jose,Reyes,19700929,94563263,Jose_Reyes@garcia.com,1,Reyes_0a636
Zachary,Le,19851028,56441999,Zachary_Le@whitaker.com,1,Le_44e84
Rhonda,Anthony,19740915,12850551,Rhonda_Anthony@lawson.com,1,Anthony_91ec3
Joseph,Hill,20020923,89902687,Joseph_Hill@rodriguez-newton.com,1,Hill_0d4d9
Erin,Davis,19600917,22992863,Erin_Davis@sanchez.net,1,Davis_dbcb2
Lucas,Brown,19891101,34675679,Lucas_Brown@miller.com,1,Brown_1ebf8
William,Garcia,19850912,25729991,William_Garcia@powell.com,1,Garcia_72e9b
Lauren,Swanson,19610921,85204407,Lauren_Swanson@pena-pierce.com,1,Swanson_b3ea5
John,Frank,19500519,42691023,John_Frank@martin.com,1,Frank_4dfb9
Tony,Perry,19731009,11231827,Tony_Perry@lewis-holland.com,1,Perry_97bbb
Nicole,Schmidt,19651109,86157423,Nicole_Schmidt@stephens.com,1,Schmidt_54bf2
Nathan,Gray,19960618,48983767,Nathan_Gray@scott-gonzalez.com,1,Gray_15cd6
Nichole,Delgado,19720305,60338223,Nichole_Delgado@dixon-cruz.com,1,Delgado_f68ba
Raven,Ford,19960213,13519207,Raven_Ford@mcdowell.com,1,Ford_36701
Marcus,Rodriguez,19690511,23424599,Marcus_Rodriguez@jones.com,1,Rodriguez_3a35b
Daniel,Grimes,19821126,61518103,Daniel_Grimes@keith.com,1,Grimes_2efc5
Samuel,Solomon,19871230,26166751,Samuel_Solomon@wolf.net,1,Solomon_23bae
Katrina,Miller,19540308,81240247,Katrina_Miller@grimes.com,1,Miller_5c2c0
Raymond,Conner,19970128,95736583,Raymond_Conner@oneal-johnson.com,1,Conner_71970
Cory,Garcia,19550202,86555943,Cory_Garcia@evans-benson.com,1,Garcia_14ae7
Lori,Fuller,19680101,54288255,Lori_Fuller@gordon.com,1,Fuller_9068b
Corey,Wilson,19531011,39467535,Corey_Wilson@hoover-hernandez.com,1,Wilson_da57e
Denise,Dominguez,19660628,28235547,Denise_Dominguez@long.com,1,Dominguez_db12a
Holly,James,19641104,62732175,Holly_James@macdonald.com,1,James_e7a3a
Alicia,Mccarty,19820916,57669519,Alicia_Mccarty@beasley.com,1,Mccarty_a4b9d
Zoe,Christian,19990319,22170983,Zoe_Christian@grant.com,1,Christian_90eb3
Nicholas,Watson,19620403,72181751,Nicholas_Watson@williams.com,1,Watson_61db6
Shirley,Ruiz,19721208,23759691,Shirley_Ruiz@house-gay.com,1,Ruiz_fa571
Victoria,Wood,19910622,13955959,Victoria_Wood@proctor-baker.com,1,Wood_67f27
Jillian,Knight,19881108,20417711,Jillian_Knight@davenport.com,1,Knight_10192
Ryan,Fisher,19871030,63505855,Ryan_Fisher@fletcher.com,1,Fisher_27703
Stephanie,Howe,19630509,37283343,Stephanie_Howe@allen.com,1,Howe_80a05
Kenneth,Kim,19990505,37818767,Kenneth_Kim@duran.com,1,Kim_c0e4a
Andrew,Macias,19661013,28232535,Andrew_Macias@douglas.com,1,Macias_a4116
Lisa,Jackson,19730114,82393203,Lisa_Jackson@morton-lowe.com,1,Jackson_89ce6
Elizabeth,Huffman,19580918,15486151,Elizabeth_Huffman@zamora.com,1,Huffman_fb25a
Christina,Stone,19930320,34449775,Christina_Stone@medina.com,1,Stone_9ab9f
Miranda,Mata,19930124,61632395,Miranda_Mata@martin.com,1,Mata_53cfc
Alexander,Merritt,19800913,33574735,Alexander_Merritt@butler.net,1,Merritt_696fd
Austin,Alexander,19950418,12638703,Austin_Alexander@ortiz.com,1,Alexander_12438
Kelly,Sanders,19520413,29703695,Kelly_Sanders@coleman.com,1,Sanders_e9c2f
Matthew,Jones,20000615,98616991,Matthew_Jones@arnold.com,1,Jones_fae51
Donna,Juarez,19551206,60313867,Donna_Juarez@sanders-briggs.com,1,Juarez_df949
Sarah,David,19981216,97218247,Sarah_David@collier.net,1,David_39e9f
Carmen,Barajas,19810526,34685455,Carmen_Barajas@smith.com,1,Barajas_62836
Angela,Johnson,19840827,62439103,Angela_Johnson@stewart.com,1,Johnson_5dcba
Melissa,Sparks,19930802,27530863,Melissa_Sparks@sanchez-stevenson.com,1,Sparks_a67f3
Rebecca,Serrano,19650726,48396631,Rebecca_Serrano@martin.com,1,Serrano_c59d5
Katherine,Hill,19830918,37709951,Katherine_Hill@tran.com,1,Hill_e971e
Kristin,Hart,19661217,36255543,Kristin_Hart@ortega.com,1,Hart_3b264
Jacqueline,Ho,19610131,75359367,Jacqueline_Ho@henry.com,1,Ho_73551
Tyler,Rodriguez,19691123,38316039,Tyler_Rodriguez@nelson.com,1,Rodriguez_c3743
Michael,Knight,19870804,71412263,Michael_Knight@davidson.com,1,Knight_d46f2
Heather,Arroyo,19790709,36165719,Heather_Arroyo@martinez.com,1,Arroyo_44022
Lori,Larson,19630807,38397103,Lori_Larson@flowers.com,1,Larson_06714
Lindsay,Lopez,19820123,62519943,Lindsay_Lopez@foster.net,1,Lopez_b6ee8
David,Vazquez,19901206,57160871,David_Vazquez@davila-beck.com,1,Vazquez_73e4f
Karen,Salazar,19950205,89394439,Karen_Salazar@wu-cohen.com,1,Salazar_3fd98
Sherry,Hicks,19611127,12514111,Sherry_Hicks@stout-nicholson.com,1,Hicks_5e5f2
Sarah,Davila,19790906,46685303,Sarah_Davila@nash.com,1,Davila_1977b
Karen,Oneill,19921004,72265879,Karen_Oneill@gomez.com,1,Oneill_7278c
Nicholas,Mills,19631001,68844231,Nicholas_Mills@williams.com,1,Mills_f511a
Kim,Hull,20030619,69198923,Kim_Hull@king.com,1,Hull_d0117
Jennifer,Montgomery,19710715,53834071,Jennifer_Montgomery@estrada-cole.com,1,Montgomery_1a334
Cynthia,Bailey,19790825,48942719,Cynthia_Bailey@oneill.com,1,Bailey_13beb
John,Wright,19831019,96650335,John_Wright@harris.com,1,Wright_fefcf
Kelsey,Miller,19780711,45676055,Kelsey_Miller@anderson-green.com,1,Miller_d5018
Sheila,Brown,19821128,32490999,Sheila_Brown@stevens-edwards.com,1,Brown_565a7
Lisa,Moore,19941119,99493567,Lisa_Moore@ramos.com,1,Moore_a6529
Brianna,Haynes,19980104,12153303,Brianna_Haynes@garcia.com,1,Haynes_17e39
Julian,Newman,19580313,49873159,Julian_Newman@haynes.com,1,Newman_15a27
Thomas,Ferguson,19591213,28787319,Thomas_Ferguson@guzman.com,1,Ferguson_fb458
David,Swanson,20021220,16753799,David_Swanson@gregory.com,1,Swanson_0be9c
Kathryn,Dyer,19591012,57873103,Kathryn_Dyer@walker.com,1,Dyer_3c23f
Lauren,Rodriguez,19931016,27106623,Lauren_Rodriguez@soto.com,1,Rodriguez_a9b99
Jeffrey,Rodriguez,19900331,56472143,Jeffrey_Rodriguez@trujillo.com,1,Rodriguez_f1303
Richard,Anderson,19580706,66751511,Richard_Anderson@white.com,1,Anderson_76323
Andrea,Huynh,19890929,26799851,Andrea_Huynh@dixon-smith.com,1,Huynh_1735e
Brian,Allen,19560101,93233303,Brian_Allen@conway.com,1,Allen_013af
Jacqueline,Peck,19591002,60512219,Jacqueline_Peck@smith-miller.com,1,Peck_20e4d
Jessica,Lee,19670124,89410823,Jessica_Lee@brown-baxter.com,1,Lee_7f12f
Martin,Allen,20020924,99969439,Martin_Allen@steele.com,1,Allen_7a4f2
Jason,Mcdaniel,19650304,68591887,Jason_Mcdaniel@wood.com,1,Mcdaniel_a3528
Angela,Mitchell,19690105,50190223,Angela_Mitchell@moreno-evans.com,1,Mitchell_06d3f
Derrick,Sanchez,19700424,97980535,Derrick_Sanchez@mitchell.com,1,Sanchez_9f266
Christine,Ellis,19980617,69393823,Christine_Ellis@blackwell.com,1,Ellis_b9ff0
Alyssa,Salinas,19981007,41363847,Alyssa_Salinas@robbins.com,1,Salinas_4cb46
Kevin,Walsh,19920805,63251375,Kevin_Walsh@hamilton.net,1,Walsh_8cd29
Stuart,Daniels,20020317,38551603,Stuart_Daniels@castro.com,1,Daniels_c934d
Kenneth,Knox,19990626,47904991,Kenneth_Knox@zamora.com,1,Knox_d64ed
Steve,Mitchell,19751027,98789479,Steve_Mitchell@adkins-russell.com,1,Mitchell_1bdd4
Craig,Hendricks,19951018,51721063,Craig_Hendricks@garcia-higgins.com,1,Hendricks_a352c
Ricky,Kerr,19510625,43238807,Ricky_Kerr@gonzalez-martinez.com,1,Kerr_a02d8
Gloria,Aguilar,19690606,69773231,Gloria_Aguilar@dorsey-donaldson.com,1,Aguilar_d3661
Gerald,Hall,19710710,53954823,Gerald_Hall@kim-chapman.com,1,Hall_f2947
Alexander,Knight,19740812,41639975,Alexander_Knight@doyle.com,1,Knight_7e064
Joseph,Cross,19530126,35750023,Joseph_Cross@mason-shaw.net,1,Cross_36c08
Joel,Myers,19720920,49665991,Joel_Myers@smith-willis.net,1,Myers_1466d
Michael,Mckee,20000917,87409327,Michael_Mckee@gordon.com,1,Mckee_92c0e
Roy,Park,19551029,69451423,Roy_Park@rodriguez-west.com,1,Park_a639e
Jonathan,Castro,19700409,95059239,Jonathan_Castro@sandoval.com,1,Castro_49d90
Richard,Carroll,19610526,61422551,Richard_Carroll@massey-gardner.com,1,Carroll_78391
Michelle,Fletcher,19831024,15665159,Michelle_Fletcher@anderson.com,1,Fletcher_e6fff
Carol,Murphy,19640317,54241135,Carol_Murphy@lowe.com,1,Murphy_ecd95
Michael,Russell,19680308,24280095,Michael_Russell@orozco.com,1,Russell_203e4
Shawna,Andrews,19981115,12022295,Shawna_Andrews@freeman.com,1,Andrews_776f9
Dana,Hernandez,19940126,50236391,Dana_Hernandez@jackson.com,1,Hernandez_3d7b1
Lauren,Harris,19780811,42605007,Lauren_Harris@long.com,1,Harris_e20bd
Sean,Morales,20030920,50605207,Sean_Morales@molina.com,1,Morales_867f3
Andrea,Dennis,19570926,17153399,Andrea_Dennis@smith-goodman.com,1,Dennis_14df3
John,Mendoza,19850519,85845135,John_Mendoza@mahoney.com,1,Mendoza_fa60d
Jeremy,Krueger,19830715,37358751,Jeremy_Krueger@haley.com,1,Krueger_b37c9
Sierra,Mcdaniel,20030713,77274903,Sierra_Mcdaniel@mata.com,1,Mcdaniel_4de3f
Wendy,Smith,19700128,60349279,Wendy_Smith@smith-webb.com,1,Smith_85c0b
Leslie,Diaz,19570430,57506727,Leslie_Diaz@thomas-shelton.com,1,Diaz_0bd1d
Grant,Snyder,19731031,23872143,Grant_Snyder@gonzales.com,1,Snyder_d3f05
Brandi,Jenkins,19651228,79308567,Brandi_Jenkins@miller.com,1,Jenkins_27fe6
Amy,Haynes,19600314,41563455,Amy_Haynes@levy.com,1,Haynes_18bc2
John,Roberts,19540315,16513279,John_Roberts@hendricks.com,1,Roberts_d606a
Carrie,Nelson,19510609,49242255,Carrie_Nelson@archer-murphy.com,1,Nelson_fde1d
Jacob,Hood,19560208,24204143,Jacob_Hood@evans.com,1,Hood_bb6b9
Tracy,Charles,19931108,62200511,Tracy_Charles@rowe.com,1,Charles_02485
Heather,Miller,19530128,37035727,Heather_Miller@taylor.net,1,Miller_28ba0
Brandon,Johnson,19850310,60862935,Brandon_Johnson@ramirez.com,1,Johnson_56e3d
Kevin,Cook,19780913,71239915,Kevin_Cook@cox-stewart.com,1,Cook_a5121
Derrick,Lane,19890916,65837219,Derrick_Lane@yates.com,1,Lane_24958
Wendy,Nelson,19650108,59119063,Wendy_Nelson@day.com,1,Nelson_f7fc3
Jasmine,Ramsey,19500407,16447279,Jasmine_Ramsey@jackson.com,1,Ramsey_843ef
William,Beltran,19850313,16495975,William_Beltran@bean.com,1,Beltran_b42ac
Albert,Jefferson,19841117,32919607,Albert_Jefferson@diaz-bailey.com,1,Jefferson_84127
Jessica,Ferguson,19670129,78033235,Jessica_Ferguson@young.com,1,Ferguson_8004f
Gerald,Stuart,19951008,98421991,Gerald_Stuart@strong.net,1,Stuart_08df4
Jacob,Vaughan,19830908,69615007,Jacob_Vaughan@martinez.com,1,Vaughan_40056
Matthew,Fuentes,19660329,33411447,Matthew_Fuentes@miranda.com,1,Fuentes_0598c
April,Carpenter,19710929,97274415,April_Carpenter@page.com,1,Carpenter_4acee
Rachel,Garcia,19961021,87786127,Rachel_Garcia@neal.com,1,Garcia_d383b
Patrick,Madden,19941101,35389647,Patrick_Madden@sanders.com,1,Madden_d8100
Angela,Myers,19740126,59457063,Angela_Myers@rodriguez.com,1,Myers_96365
Wayne,Baker,19671227,92067207,Wayne_Baker@brown.com,1,Baker_726e6
Haley,Cox,19641001,27911351,Haley_Cox@lewis.com,1,Cox_c2d50
Dan,Sanders,19500813,30043759,Dan_Sanders@klein-hernandez.com,1,Sanders_65a5d
Timothy,Boyle,19840806,49033195,Timothy_Boyle@roach.net,1,Boyle_d5ed2
Thomas,Fisher,19850415,99090999,Thomas_Fisher@phillips.com,1,Fisher_cd40a
Taylor,Lopez,19570522,17889439,Taylor_Lopez@jones-salazar.com,1,Lopez_d2a7d
Cynthia,Ortiz,19590607,91591279,Cynthia_Ortiz@mathis.com,1,Ortiz_03ef4
Jeffrey,Macias,19901003,98485783,Jeffrey_Macias@cox.com,1,Macias_b438f
Brian,Drake,19620211,83466007,Brian_Drake@hurst-price.net,1,Drake_a32f0
Anna,Austin,19991122,83758091,Anna_Austin@mcguire.com,1,Austin_69ddb
Joel,Clark,19581207,65159231,Joel_Clark@mcclain.com,1,Clark_cf505
Deborah,Olson,19570508,92118339,Deborah_Olson@greene.com,1,Olson_f0081
Michael,Love,20020321,41033095,Michael_Love@rodriguez-martinez.net,1,Love_01195
Timothy,Jordan,19991228,77411263,Timothy_Jordan@young.com,1,Jordan_26d57
Kathy,Leblanc,19810227,69067343,Kathy_Leblanc@warren-gray.com,1,Leblanc_25e89
William,Floyd,19720713,27758191,William_Floyd@duran.com,1,Floyd_ee7c0
Angela,Hayden,19960623,28574351,Angela_Hayden@barry.net,1,Hayden_44dbe
Renee,Hodges,19871228,63899519,Renee_Hodges@hamilton.com,1,Hodges_c3205
Samantha,Miller,19650406,41451647,Samantha_Miller@mcmahon.com,1,Miller_b1a7b
Lauren,Orozco,20000126,71540231,Lauren_Orozco@sanchez.com,1,Orozco_32e5d
Destiny,Johns,19730112,89233575,Destiny_Johns@hayes.com,1,Johns_2c729
Jennifer,Davis,19931018,72513603,Jennifer_Davis@nguyen.com,1,Davis_d9ba6
April,Owen,19670923,16552967,April_Owen@sanchez.com,1,Owen_1c1c8
Evan,Russell,19590120,75209343,Evan_Russell@ferguson.net,1,Russell_eeae9
Jordan,Cruz,19580323,42355435,Jordan_Cruz@clark-dickerson.com,1,Cruz_a019e
Brent,Castaneda,19580307,80875871,Brent_Castaneda@garcia.com,1,Castaneda_1e9a5
Gregory,Peters,19900902,78256247,Gregory_Peters@ray.net,1,Peters_62c2d
Jason,Malone,19550305,47278299,Jason_Malone@allen.com,1,Malone_e6453
Matthew,Salazar,19991211,50895327,Matthew_Salazar@jones-jones.com,1,Salazar_8a391
Martin,Morris,19931008,47193651,Martin_Morris@garcia.com,1,Morris_156a6
Natasha,Martinez,19680418,55194439,Natasha_Martinez@west.com,1,Martinez_fa7cb
Charles,Powell,19970906,47215879,Charles_Powell@knight.com,1,Powell_89e26
Brian,Powell,19591115,67153775,Brian_Powell@hernandez.com,1,Powell_c3379
Laura,Sandoval,19860913,17475623,Laura_Sandoval@brown.com,1,Sandoval_6592d
Charles,Gonzalez,19710404,94465511,Charles_Gonzalez@navarro.com,1,Gonzalez_bc4a4
Nicholas,Caldwell,19770714,42525999,Nicholas_Caldwell@hurley-bass.com,1,Caldwell_92d76
Brian,Wyatt,19581211,63631399,Brian_Wyatt@wright-young.com,1,Wyatt_ac546
Ryan,Garcia,19930815,26856535,Ryan_Garcia@vazquez-wells.com,1,Garcia_a540e
Megan,Anderson,19700729,21736903,Megan_Anderson@wilson-murillo.com,1,Anderson_a86c0
Pamela,Hughes,19870613,40181295,Pamela_Hughes@charles-costa.com,1,Hughes_5403f
Tiffany,Scott,19861110,76272207,Tiffany_Scott@davis.com,1,Scott_af31d
Stanley,Conway,19850905,71853567,Stanley_Conway@adams.com,1,Conway_b17c3
Yolanda,Petty,19910125,69674519,Yolanda_Petty@dunlap-brown.com,1,Petty_89b4f
Emily,Oneal,19580118,49152079,Emily_Oneal@gutierrez.com,1,Oneal_1a34f
Tara,Jones,19850303,49275455,Tara_Jones@blankenship.net,1,Jones_7290c
Christine,Cohen,19940621,80232231,Christine_Cohen@rich-bell.com,1,Cohen_0fcc4
Daniel,Gutierrez,19570311,93799931,Daniel_Gutierrez@santana-bryan.com,1,Gutierrez_ab620
George,Williams,19810319,69991287,George_Williams@patton.com,1,Williams_c20d3
Lori,Allen,20020916,28175727,Lori_Allen@valdez-phillips.com,1,Allen_8c000
Charles,Kelly,19690401,62777351,Charles_Kelly@dalton.com,1,Kelly_0c61d
Jonathan,Villa,19751203,80471287,Jonathan_Villa@suarez.com,1,Villa_19bdd
Cindy,Jackson,19670727,60954247,Cindy_Jackson@garcia-burch.com,1,Jackson_40b1b
Scott,Williams,19800803,85799255,Scott_Williams@keller-wong.com,1,Williams_09feb
Dylan,Hernandez,19950301,31405951,Dylan_Hernandez@singleton-johnson.com,1,Hernandez_04544
Michelle,Garcia,19801017,52895823,Michelle_Garcia@lynch.com,1,Garcia_6967c
Matthew,Bailey,19870728,39436023,Matthew_Bailey@benjamin.com,1,Bailey_255ab
Kristin,Edwards,19820306,22435107,Kristin_Edwards@short.com,1,Edwards_092fd
Kristen,Kirk,19590823,97993751,Kristen_Kirk@ayers.com,1,Kirk_079a3
Ruth,Carrillo,19790509,43751451,Ruth_Carrillo@paul.com,1,Carrillo_68c3c
Jacob,Stephenson,19541111,75359427,Jacob_Stephenson@larson-stevenson.net,1,Stephenson_dd890
Curtis,Flynn,19780926,58787463,Curtis_Flynn@cook-drake.com,1,Flynn_066c3
Thomas,Perez,19630220,96377439,Thomas_Perez@greene-lopez.com,1,Perez_7a5c3
Sheri,Kline,19940609,33546343,Sheri_Kline@hinton.com,1,Kline_e724e
Jeff,Baker,19670424,57871767,Jeff_Baker@bentley.com,1,Baker_4cd37
William,Powell,19670721,71832243,William_Powell@harrell.com,1,Powell_d1cfb
Robert,Johnson,19520518,42600607,Robert_Johnson@burnett.org,1,Johnson_a3713
Shannon,Thomas,19680903,18892279,Shannon_Thomas@dawson-alexander.com,1,Thomas_2a3b9
Jeffrey,Murray,19821221,27473887,Jeffrey_Murray@jones.net,1,Murray_8d3f7
Carla,Jackson,19940715,44275151,Carla_Jackson@morris.com,1,Jackson_5ae26
Kristin,Wagner,19970129,66045343,Kristin_Wagner@clayton.com,1,Wagner_83f4e
Kathleen,Rodriguez,19670510,65397891,Kathleen_Rodriguez@frost-james.com,1,Rodriguez_2bb86
Nicole,Shea,19560102,28795599,Nicole_Shea@mcclure.com,1,Shea_abeb3
Patty,Smith,19750827,59428759,Patty_Smith@ross.com,1,Smith_c7677
Sean,Wang,19600311,25595367,Sean_Wang@gibson-calderon.com,1,Wang_04168
Richard,Estrada,19921015,22821527,Richard_Estrada@malone.com,1,Estrada_0bf5b
Jackson,Cline,19710121,48056519,Jackson_Cline@hudson.net,1,Cline_825fb
Allen,Williams,19971109,77991519,Allen_Williams@sanchez.net,1,Williams_3e726
Eric,Flores,19820701,36641663,Eric_Flores@dillon-patterson.com,1,Flores_8a42c
Anna,Richardson,19670223,64083047,Anna_Richardson@perry.com,1,Richardson_ef158
Benjamin,Smith,19871223,95835639,Benjamin_Smith@christian-contreras.com,1,Smith_9625b
Taylor,Gomez,19821022,24007567,Taylor_Gomez@johnston.com,1,Gomez_876bf
Jeremy,Rodriguez,19780828,32567967,Jeremy_Rodriguez@roth.com,1,Rodriguez_93ac7
April,Garcia,19871231,24650447,April_Garcia@hall.com,1,Garcia_26b55
Sharon,Garza,20020830,59411567,Sharon_Garza@duran.com,1,Garza_40199
Lori,Sanchez,19980420,76989167,Lori_Sanchez@hardin-warner.net,1,Sanchez_364a7
Joseph,Reed,19511220,18798163,Joseph_Reed@kelley.com,1,Reed_3bc34
Jason,Armstrong,19921116,68514503,Jason_Armstrong@curtis.com,1,Armstrong_e2fb8
Jessica,Allison,19721030,66821135,Jessica_Allison@harper.com,1,Allison_0c21b
Arthur,Hall,19941103,65493407,Arthur_Hall@gonzalez.com,1,Hall_b302a
Sherry,Meza,19970904,33491119,Sherry_Meza@west.com,1,Meza_af7be
Matthew,Turner,19940707,73291455,Matthew_Turner@martinez.com,1,Turner_0303a
Jeffrey,Bauer,19660813,51154803,Jeffrey_Bauer@garza.com,1,Bauer_18f68
Sophia,Randolph,19500807,94510479,Sophia_Randolph@leonard-ramirez.com,1,Randolph_76c7a
Marissa,Matthews,19720221,20636447,Marissa_Matthews@graves.com,1,Matthews_2a414
Samuel,Thompson,19840403,99063183,Samuel_Thompson@sanchez-carroll.com,1,Thompson_16040
Zachary,Lee,19870704,36447751,Zachary_Lee@smith.com,1,Lee_76cce
Kara,Pittman,19680525,80502567,Kara_Pittman@gomez-vaughn.com,1,Pittman_44c4d
Charles,Ruiz,19680113,85158255,Charles_Ruiz@sullivan-jones.com,1,Ruiz_1546f
Rachel,Shaw,19581223,66511687,Rachel_Shaw@stevenson-martinez.com,1,Shaw_45468
James,Miller,19710831,64917031,James_Miller@nguyen.com,1,Miller_d11a8
Gabriella,Anthony,19970106,89108943,Gabriella_Anthony@castro.com,1,Anthony_ebd30
Misty,Cantrell,19570303,79619831,Misty_Cantrell@flores-decker.com,1,Cantrell_b19eb
Kelly,Guerrero,19970203,53052583,Kelly_Guerrero@riggs.com,1,Guerrero_d55cb
David,Nichols,19620819,62269575,David_Nichols@rocha.com,1,Nichols_9226a
Shawn,Galloway,19850419,17471367,Shawn_Galloway@johnston.com,1,Galloway_1a4d2
Fernando,Salazar,19720419,71192443,Fernando_Salazar@humphrey.com,1,Salazar_88b5f
Dennis,Sanford,19800806,88084407,Dennis_Sanford@lopez-archer.com,1,Sanford_c7e24
Amanda,Murphy,20000730,30501351,Amanda_Murphy@bright-gibbs.net,1,Murphy_0851c
Bobby,Martin,20000331,43871143,Bobby_Martin@jackson.com,1,Martin_35f44
Lauren,Jones,19870724,96512831,Lauren_Jones@castaneda.com,1,Jones_3cea3
Vernon,Bishop,19730710,78396487,Vernon_Bishop@clark-larson.com,1,Bishop_b0506
Phillip,Meyers,19601022,95409119,Phillip_Meyers@mcneil-williams.com,1,Meyers_2871d
Jeremy,Strickland,19501223,20151487,Jeremy_Strickland@adkins.com,1,Strickland_c13f0
Robert,Martin,19500718,78547615,Robert_Martin@crawford.com,1,Martin_6f48d
Marc,Davis,19800520,96597403,Marc_Davis@harris.com,1,Davis_7d08d
William,Taylor,19860131,42996791,William_Taylor@warner-morgan.net,1,Taylor_4fbc5
Alyssa,Pierce,19680516,95839991,Alyssa_Pierce@ruiz.com,1,Pierce_133dc
Michael,Brady,19500323,65342263,Michael_Brady@wells-sanders.com,1,Brady_bd431
James,Rhodes,19771010,27465295,James_Rhodes@green.com,1,Rhodes_df266
Ryan,Ramirez,19850425,67907071,Ryan_Ramirez@pham.com,1,Ramirez_5ff32
Stephen,Thompson,19511112,75033031,Stephen_Thompson@hess.com,1,Thompson_52cd0
Susan,Williams,19760512,95688383,Susan_Williams@rowland.com,1,Williams_446e0
Nancy,Aguilar,19951108,97516423,Nancy_Aguilar@lane.com,1,Aguilar_5ea68
Jessica,Williams,19730824,26472931,Jessica_Williams@thomas-martin.com,1,Williams_b7835
Dylan,Johnson,19960107,52048815,Dylan_Johnson@montgomery.com,1,Johnson_d53b7
Pamela,King,19930929,72515095,Pamela_King@soto.net,1,King_01148
Robert,Smith,19870424,76366335,Robert_Smith@joyce.com,1,Smith_634dd
Samantha,Gonzalez,19980829,40456647,Samantha_Gonzalez@rios-fletcher.com,1,Gonzalez_31e9a
Terry,Pierce,19641009,91518459,Terry_Pierce@warner-reyes.com,1,Pierce_7b01f
Jeffery,Walker,19560624,46574799,Jeffery_Walker@watson.com,1,Walker_ba5b7
Todd,Alvarez,19741125,42011263,Todd_Alvarez@vaughn.com,1,Alvarez_7bc5d
Brett,Willis,19610908,86342007,Brett_Willis@gibbs.com,1,Willis_d0046
Louis,Klein,19651220,33671863,Louis_Klein@phillips-allen.com,1,Klein_43163
Kristin,Wilkins,20020511,84393855,Kristin_Wilkins@harvey.com,1,Wilkins_48a0a
Joshua,Lynch,19650526,71572839,Joshua_Lynch@daniels.com,1,Lynch_49515
Deborah,Williams,19841121,11357647,Deborah_Williams@howard.com,1,Williams_e69d3
Timothy,Martin,20030105,92008191,Timothy_Martin@camacho-sparks.net,1,Martin_0575d
Sarah,Bright,19981115,24327743,Sarah_Bright@winters.com,1,Bright_776f9
Rebecca,Anderson,19730827,27023231,Rebecca_Anderson@carter-ramirez.com,1,Anderson_48071
Roger,Frost,19700217,94120431,Roger_Frost@cole-robinson.com,1,Frost_5ba4a
Toni,Dunn,19800831,89674459,Toni_Dunn@chapman.com,1,Dunn_8edbe
Eric,Dunn,19600712,13714207,Eric_Dunn@reese.com,1,Dunn_ae8e6
Heather,Pierce,19570813,32413999,Heather_Pierce@williams-edwards.com,1,Pierce_1096d
Jordan,Erickson,19750802,64756655,Jordan_Erickson@martinez.com,1,Erickson_6b984
Susan,Ali,19990105,74229143,Susan_Ali@leach.com,1,Ali_f361f
Richard,Wilson,19990703,36349175,Richard_Wilson@hernandez.com,1,Wilson_f0626
Jon,Butler,19870318,78121695,Jon_Butler@blackwell.com,1,Butler_a60e8
Paul,Phillips,19970216,11213063,Paul_Phillips@vance.com,1,Phillips_01acd
Adam,Parker,19980722,27783391,Adam_Parker@yoder.com,1,Parker_5ebc0
Cory,Walker,19621208,37614935,Cory_Walker@torres.net,1,Walker_a21be
Jeffrey,Sanchez,19950914,73226919,Jeffrey_Sanchez@jones-butler.com,1,Sanchez_cf3c9
Bianca,Martin,19780205,86924127,Bianca_Martin@mitchell.com,1,Martin_7bf56
Jeffrey,King,19770623,68622991,Jeffrey_King@hicks-boyd.com,1,King_2f8a4
Shelly,Mcdaniel,19951028,86599403,Shelly_Mcdaniel@little.com,1,Mcdaniel_ab5b4
Melanie,Wiggins,20000214,91699615,Melanie_Wiggins@mcdonald-rice.com,1,Wiggins_c46e0
Daniel,Smith,19860308,26613823,Daniel_Smith@cummings.com,1,Smith_e0b77
Christopher,Smith,19810707,42594715,Christopher_Smith@lamb.com,1,Smith_216c5
Marc,Love,19550722,96796419,Marc_Love@martin.com,1,Love_95197
Scott,Lawrence,19760104,59217375,Scott_Lawrence@aguilar.com,1,Lawrence_fbccd
James,Sosa,19571108,47053447,James_Sosa@robles-hawkins.com,1,Sosa_8de3e
Jamie,Jackson,19770526,71512687,Jamie_Jackson@carr.com,1,Jackson_b5943
Jeffrey,Hatfield,19701014,69441735,Jeffrey_Hatfield@morgan-erickson.com,1,Hatfield_bf691
James,Phillips,19611019,89808183,James_Phillips@green-taylor.com,1,Phillips_c68d2
Jessica,Moore,19990509,27155335,Jessica_Moore@harrison-bautista.com,1,Moore_6e3b7
Debra,Peters,19820408,69115179,Debra_Peters@smith.com,1,Peters_83c4b
Richard,Anderson,19700405,24730327,Richard_Anderson@peck-franklin.com,1,Anderson_6c12a
Lauren,Hahn,19720620,15132727,Lauren_Hahn@simmons.com,1,Hahn_38908
Joseph,Perez,19740909,61876187,Joseph_Perez@ryan.com,1,Perez_a30c9
Faith,Edwards,19770726,44653063,Faith_Edwards@price.net,1,Edwards_96edd
Laura,Vargas,19771009,40816943,Laura_Vargas@gallagher-young.com,1,Vargas_0365e
Sarah,Lewis,19810225,37945839,Sarah_Lewis@wyatt.com,1,Lewis_f236b
Brad,Huff,19611227,28207575,Brad_Huff@moore.com,1,Huff_88806
Thomas,Sanchez,19570914,23994083,Thomas_Sanchez@cunningham-reid.net,1,Sanchez_a1536
Alexander,Richardson,19581025,34675335,Alexander_Richardson@perez.com,1,Richardson_e102e
Matthew,Moore,20030707,66391671,Matthew_Moore@nichols.com,1,Moore_4788f
Joseph,Howard,19520726,46746383,Joseph_Howard@williams.com,1,Howard_99bdb
Jacqueline,Phillips,19880118,55793915,Jacqueline_Phillips@larson.com,1,Phillips_3268f
Anne,Richards,19690906,84963423,Anne_Richards@mccarthy.com,1,Richards_9e514
Derek,Thomas,19640724,37329863,Derek_Thomas@green.com,1,Thomas_a6b2a
Joseph,Bonilla,19740508,66912183,Joseph_Bonilla@freeman.com,1,Bonilla_07c60
Gary,Barber,19551112,44790343,Gary_Barber@roberts.net,1,Barber_8e448
Brian,Johnson,19810617,76631695,Brian_Johnson@carr.com,1,Johnson_01409
Christine,Peterson,19741119,57627175,Christine_Peterson@hamilton.com,1,Peterson_d3043
Christopher,Bautista,19941202,48834663,Christopher_Bautista@rodgers.com,1,Bautista_f2b74
Barbara,Krueger,19520322,30905343,Barbara_Krueger@strong.com,1,Krueger_f41b0
Monica,Oconnor,19800701,97887295,Monica_Oconnor@gordon.com,1,Oconnor_efac7
Peggy,Johnson,19720328,34795631,Peggy_Johnson@berg.com,1,Johnson_317e0
Susan,Herrera,19550826,24027735,Susan_Herrera@gomez.com,1,Herrera_2275e
Andrew,Matthews,19880219,90821359,Andrew_Matthews@ramos-vaughn.com,1,Matthews_33105
Erin,Kennedy,19650109,35865639,Erin_Kennedy@hendricks-mason.com,1,Kennedy_e1e07
Jason,Lopez,19740830,11287127,Jason_Lopez@wood-hill.com,1,Lopez_ad64b
Jerry,Clark,19950928,46859655,Jerry_Clark@perez.com,1,Clark_850e2
Alyssa,Kim,19900811,59732335,Alyssa_Kim@beck-zuniga.com,1,Kim_bc531
Courtney,Williams,19990919,27598999,Courtney_Williams@garner.com,1,Williams_225d6
Kevin,Haynes,19690624,75433787,Kevin_Haynes@jones.com,1,Haynes_d74e4
John,Hicks,19531209,95395487,John_Hicks@weber.com,1,Hicks_a01e4
Eric,Kennedy,19990522,77994331,Eric_Kennedy@mcdonald.com,1,Kennedy_b93e8
Matthew,Nelson,19580127,45515247,Matthew_Nelson@hunt.com,1,Nelson_49b51
Carolyn,Glover,19790714,87832791,Carolyn_Glover@walker.com,1,Glover_9a700
Robert,Moore,19550415,19512199,Robert_Moore@young.com,1,Moore_bd6b1
Nicole,Mcgee,19590303,34539135,Nicole_Mcgee@reyes.com,1,Mcgee_84007
Danielle,Hunter,19710811,99947039,Danielle_Hunter@ballard.com,1,Hunter_c76d0
Kelly,Perez,19600519,60614735,Kelly_Perez@ward-wilson.com,1,Perez_016c7
Mary,Odom,19630813,98738367,Mary_Odom@morgan-reynolds.com,1,Odom_e8796
Arthur,Gibson,19610603,75411807,Arthur_Gibson@thompson-thompson.com,1,Gibson_a7c50
Miss,Katherine,19771113,37918255,Katherine_Brennan@garcia.net,1,Katherine_fbe29
Christopher,Miller,19850131,16222031,Christopher_Miller@kelly.com,1,Miller_5a80b
Amber,Hopkins,19750831,15289039,Amber_Hopkins@hall.com,1,Hopkins_7c2f6
Christine,Lara,19590301,77716475,Christine_Lara@barnes-lee.com,1,Lara_52f38
Nancy,Garcia,19680305,62971303,Nancy_Garcia@lewis-hayden.com,1,Garcia_76b84
Alex,Rhodes,19780913,75808519,Alex_Rhodes@russell.net,1,Rhodes_a5121
Daniel,Bennett,19730228,20776023,Daniel_Bennett@stephens-oneill.com,1,Bennett_1ed65
Kevin,Woodard,19550809,30319911,Kevin_Woodard@lynch.com,1,Woodard_0dee6
Todd,Wheeler,19960409,50356375,Todd_Wheeler@woods.com,1,Wheeler_d8e91
Linda,Woods,19611127,81195711,Linda_Woods@diaz.com,1,Woods_5e5f2
Alan,Peterson,19760129,88993663,Alan_Peterson@burch.com,1,Peterson_9e709
Jacob,Grant,19911204,94196575,Jacob_Grant@cummings.com,1,Grant_46694
Gabrielle,Johnson,19581006,35424207,Gabrielle_Johnson@serrano.com,1,Johnson_fcba1
Anne,Howard,19691006,35198251,Anne_Howard@rowe.com,1,Howard_20c7c
Caleb,Morales,19660329,69459679,Caleb_Morales@collins.com,1,Morales_0598c
James,Dominguez,19881205,49527207,James_Dominguez@black.com,1,Dominguez_e2663
Kathryn,Cardenas,19830508,81016239,Kathryn_Cardenas@skinner.com,1,Cardenas_35ae4
Jeffrey,Santiago,19750228,93827623,Jeffrey_Santiago@duncan.com,1,Santiago_5cbec
Andrew,Mclaughlin,19730514,66417719,Andrew_Mclaughlin@fitzpatrick-lucas.com,1,Mclaughlin_b2423
Bryan,Porter,19570214,88089671,Bryan_Porter@elliott.com,1,Porter_e9e42
Brendan,Smith,19580516,67839775,Brendan_Smith@williams.com,1,Smith_750a9
Amy,Wilson,19741204,64392323,Amy_Wilson@cortez.net,1,Wilson_cd05f
David,Clark,19850108,44834223,David_Clark@fleming.com,1,Clark_4e6ee
Erika,Joseph,19810303,51075039,Erika_Joseph@romero.com,1,Joseph_f0dcb
Jeffrey,Hernandez,19891231,76263607,Jeffrey_Hernandez@mcdaniel.com,1,Hernandez_f3251
Michael,Miller,19640520,17581687,Michael_Miller@taylor-moore.com,1,Miller_375ad
Theresa,Newman,19941129,36575799,Theresa_Newman@perry-scott.com,1,Newman_069d1
Paul,Romero,19601007,98843943,Paul_Romero@middleton-jones.com,1,Romero_7ffde
Kathleen,Ramirez,19550829,40351711,Kathleen_Ramirez@banks-wright.com,1,Ramirez_04ceb
Janet,Choi,19860718,66675695,Janet_Choi@neal.com,1,Choi_e37de
Mark,Bender,19690911,27354911,Mark_Bender@oneal-wilkins.com,1,Bender_b8ade
Abigail,Brown,19801008,15726143,Abigail_Brown@jones-underwood.com,1,Brown_b08b0
Antonio,Dominguez,19801115,75861007,Antonio_Dominguez@nichols.com,1,Dominguez_821d7
Tony,Morris,19700805,33280551,Tony_Morris@davis.com,1,Morris_1057d
Randy,Carlson,19550530,51211679,Randy_Carlson@rivera.com,1,Carlson_d8db2
Mitchell,Pierce,20010824,96845551,Mitchell_Pierce@houston-conway.net,1,Pierce_7e42c
Angela,West,19810427,59397207,Angela_West@anderson-fitzgerald.com,1,West_0afba
Sherry,Lyons,19980209,47672835,Sherry_Lyons@carson-copeland.com,1,Lyons_ab9a6
Jennifer,Butler,19511118,16079075,Jennifer_Butler@arellano-morris.com,1,Butler_c810e
Kevin,Peters,19670206,28855487,Kevin_Peters@edwards.com,1,Peters_c9aea
Benjamin,Conway,19551228,23338319,Benjamin_Conway@burton-paul.com,1,Conway_b14b9
Noah,Mccarty,19650620,64718427,Noah_Mccarty@rios-oneill.com,1,Mccarty_6f29c
Andrew,Stewart,19510212,19799879,Andrew_Stewart@wong.com,1,Stewart_5a9fe
Brenda,Jones,19550804,62608823,Brenda_Jones@lang.com,1,Jones_e27fe
Jerry,Shannon,19510505,86239787,Jerry_Shannon@sweeney-gibbs.com,1,Shannon_6484d
Blake,Brown,19570615,34835327,Blake_Brown@george-kelly.net,1,Brown_75572
Michael,Bowers,20020309,70074031,Michael_Bowers@klein-barry.com,1,Bowers_7f40e
Elizabeth,Bailey,19630101,20218071,Elizabeth_Bailey@stephenson-arnold.com,1,Bailey_5c8a5
James,Cruz,19500730,18758595,James_Cruz@bender-harris.com,1,Cruz_a17c6
Kelly,Levy,19940508,74468255,Kelly_Levy@barajas.com,1,Levy_b4299
Thomas,Burton,19750419,14613071,Thomas_Burton@dunn-avery.net,1,Burton_e624b
Kimberly,Garcia,19630108,41397407,Kimberly_Garcia@tapia.com,1,Garcia_56683
Paul,Peterson,20021225,59148863,Paul_Peterson@bullock.com,1,Peterson_c41f4
Michael,Reilly,19720514,33876967,Michael_Reilly@cooper.net,1,Reilly_1c829
Alejandra,Martinez,19791221,87381327,Alejandra_Martinez@jones.com,1,Martinez_d6f6b
Timothy,Sanders,19521003,63453583,Timothy_Sanders@harrell.com,1,Sanders_e813f
Latoya,Little,19780807,43404335,Latoya_Little@martinez.com,1,Little_c16bd
Sarah,Harvey,19600331,58520471,Sarah_Harvey@martin-smith.com,1,Harvey_119d2
Aaron,Hansen,19980128,51639887,Aaron_Hansen@mckinney.com,1,Hansen_df29c
Melissa,Ortiz,19580729,49637727,Melissa_Ortiz@lee-malone.com,1,Ortiz_84be0
Brooke,Hernandez,19911114,97309975,Brooke_Hernandez@benitez.com,1,Hernandez_bcb5b
Lisa,Livingston,19500423,20519415,Lisa_Livingston@glover.com,1,Livingston_19295
Eugene,Mason,19781213,47810855,Eugene_Mason@gardner.com,1,Mason_6bc9b
Daniel,Cunningham,19730326,78657983,Daniel_Cunningham@cooper.com,1,Cunningham_12799
Alex,Smith,20020503,58965703,Alex_Smith@johnson.com,1,Smith_894dd
Charles,Jennings,19750714,70913863,Charles_Jennings@cochran.net,1,Jennings_18c5d
Jessica,Vargas,19810517,48925903,Jessica_Vargas@miller-price.net,1,Vargas_ed53f
Olivia,Clark,19741001,67793735,Olivia_Clark@wade-roberson.com,1,Clark_92a9e
Ricky,Allen,19610619,61433467,Ricky_Allen@roberts-mendoza.com,1,Allen_3a518
Cathy,Carney,19970522,31104151,Cathy_Carney@williams.net,1,Carney_0d73a
Ashley,Spencer,19910126,68555775,Ashley_Spencer@anderson.com,1,Spencer_c60e6
Victoria,Strickland,19530730,31595971,Victoria_Strickland@mccarthy-stewart.com,1,Strickland_c68d2
Patrick,Smith,19720129,76398335,Patrick_Smith@molina.net,1,Smith_5b12e
Samuel,West,20020627,50354899,Samuel_West@johnson-ryan.net,1,West_15f40
Haley,Baldwin,19650413,31940631,Haley_Baldwin@bush-wolfe.com,1,Baldwin_b3439
Alexander,Wilson,19881111,13893319,Alexander_Wilson@barron-garcia.com,1,Wilson_51998
April,Cole,19610622,65186503,April_Cole@vargas.com,1,Cole_2b0a2
Holly,Riley,19740728,55620431,Holly_Riley@stokes.com,1,Riley_3e1f8
Jeffrey,Poole,19570204,82077439,Jeffrey_Poole@cross.com,1,Poole_23f28
Rachel,Poole,19760708,35095087,Rachel_Poole@jones.net,1,Poole_c5b79
Sheena,Ward,19730926,96834175,Sheena_Ward@wilson-mcbride.com,1,Ward_57d0c
Cynthia,Smith,19510905,48760255,Cynthia_Smith@smith.com,1,Smith_9f8dc
Kevin,Clayton,19750708,25081071,Kevin_Clayton@miller.com,1,Clayton_7f5be
Deanna,Smith,19510416,50395271,Deanna_Smith@cooke.com,1,Smith_774d5
Sarah,Coleman,19500119,37411775,Sarah_Coleman@novak.com,1,Coleman_db259
Kurt,Butler,19640621,43394675,Kurt_Butler@taylor.net,1,Butler_19820
Cody,Becker,19601216,76003567,Cody_Becker@hansen.com,1,Becker_dd317
Miss,Molly,19771105,99947663,Molly_Miller@king-kelly.net,1,Molly_4ae09
Craig,Bailey,19970713,33032303,Craig_Bailey@hancock-brown.com,1,Bailey_fac5d
Patricia,Gray,19660319,18281751,Patricia_Gray@dawson.com,1,Gray_00c0a
Robert,Rivera,19500722,35020847,Robert_Rivera@gibson.com,1,Rivera_6a7ce
Miss,Michelle,19830121,64700455,Michelle_Lewis@wiggins-thornton.com,1,Michelle_afe1c
John,Owens,19670424,71230983,John_Owens@callahan.com,1,Owens_4cd37
Sarah,Smith,19680804,22702359,Sarah_Smith@kirk.com,1,Smith_313dd
Nancy,Lucas,19830706,91477863,Nancy_Lucas@aguilar.com,1,Lucas_94653
Christina,Murray,19791217,35027583,Christina_Murray@collins-day.com,1,Murray_a46c7
Emma,Berry,19940107,34612959,Emma_Berry@charles.com,1,Berry_c02ad
Christopher,Gross,20031114,49217831,Christopher_Gross@grimes.net,1,Gross_2742d
Jason,Hawkins,19541001,31750255,Jason_Hawkins@adams-hunter.com,1,Hawkins_8aa4f
Jeffrey,Rodriguez,19690718,29947599,Jeffrey_Rodriguez@johnson-white.com,1,Rodriguez_84bf3
Christina,Miller,19530425,92153503,Christina_Miller@marshall-lucas.com,1,Miller_84bb3
Maria,Miller,19941221,86317751,Maria_Miller@roberts.com,1,Miller_208dd
Eileen,Davis,19520404,19544735,Eileen_Davis@knox.com,1,Davis_3a81f
John,Kelley,19960928,99919107,John_Kelley@george-barker.com,1,Kelley_336ba
Harry,Miller,19890613,63478047,Harry_Miller@warner-jackson.com,1,Miller_4e2a7
Ellen,Montes,19610714,16519759,Ellen_Montes@sellers.com,1,Montes_29eaa
Gregory,Mclean,19610801,38860951,Gregory_Mclean@valencia.com,1,Mclean_3b78d
Angela,Spencer,19980502,18410783,Angela_Spencer@lopez.com,1,Spencer_071ed
Christina,Price,19860508,65381695,Christina_Price@kennedy-tran.com,1,Price_fb35b
Michael,Morris,19790924,62959695,Michael_Morris@nelson.net,1,Morris_05ed3
Amber,Randall,19520910,60506343,Amber_Randall@boyd-freeman.net,1,Randall_fe7f8
Matthew,Morris,19981111,49822607,Matthew_Morris@boyle-novak.com,1,Morris_f9657
Cindy,Blackburn,20001008,86098071,Cindy_Blackburn@bolton.net,1,Blackburn_0c5fb
Matthew,Jacobson,19510412,99110191,Matthew_Jacobson@bishop-thomas.com,1,Jacobson_496c2
Stacy,Jones,19940909,71998399,Stacy_Jones@perez.com,1,Jones_c6f5d
Scott,Zimmerman,19560130,70071511,Scott_Zimmerman@fischer.com,1,Zimmerman_881d6
Dakota,Silva,19790710,41853599,Dakota_Silva@barker-miller.com,1,Silva_fff90
Jacob,Spencer,19620226,41992359,Jacob_Spencer@jefferson.net,1,Spencer_d5b01
Barbara,Hudson,19971028,33194551,Barbara_Hudson@robinson-jones.com,1,Hudson_9d670
Sherry,Peterson,19691126,91916671,Sherry_Peterson@dillon-barber.com,1,Peterson_c30b8
Austin,Bird,19760515,53713179,Austin_Bird@young-stout.com,1,Bird_86853
Matthew,Oliver,19720423,14016935,Matthew_Oliver@mitchell.com,1,Oliver_94edc
Roger,Maddox,19810426,86988519,Roger_Maddox@richards.com,1,Maddox_6974f
Kristin,Higgins,19981219,58071267,Kristin_Higgins@leonard.com,1,Higgins_bc84f
Gilbert,Johnson,19850923,97191811,Gilbert_Johnson@jones.com,1,Johnson_e0381
Bryan,Gutierrez,19881118,84795039,Bryan_Gutierrez@short-huerta.net,1,Gutierrez_c61e8
Peter,Schultz,19570829,78301895,Peter_Schultz@shah.com,1,Schultz_5fff4
Karen,Smith,19630505,91036383,Karen_Smith@washington.com,1,Smith_473c4
Justin,Burke,19960212,43401655,Justin_Burke@johnson.com,1,Burke_a32e6
Sarah,Ramsey,19640622,63376279,Sarah_Ramsey@hayes.com,1,Ramsey_4c3e8
Michael,Chang,19900209,99632783,Michael_Chang@watkins.com,1,Chang_e27c8
Pamela,Hughes,19570116,32117783,Pamela_Hughes@rivas-garza.com,1,Hughes_bf91b
Jimmy,Morris,19640120,31836895,Jimmy_Morris@hall-watkins.com,1,Morris_25892
Lauren,Romero,20020425,50100783,Lauren_Romero@davis.com,1,Romero_e5750
Adam,Jones,19570107,83246639,Adam_Jones@kline-reeves.com,1,Jones_2b07e
Michelle,Kidd,19500222,80511627,Michelle_Kidd@klein-goodman.com,1,Kidd_ad962
Matthew,Murphy,19600216,18189831,Matthew_Murphy@graham.com,1,Murphy_5dc4e
Jessica,Arroyo,20021019,24971015,Jessica_Arroyo@flores-evans.com,1,Arroyo_a6982
Caleb,Zuniga,19681028,36180711,Caleb_Zuniga@stone.net,1,Zuniga_a2d94
Kenneth,Walton,19950903,93358011,Kenneth_Walton@anderson.com,1,Walton_832a9
Cheyenne,Moreno,19600912,61341887,Cheyenne_Moreno@hampton.com,1,Moreno_8048c
Courtney,Lopez,19710810,35323391,Courtney_Lopez@sanders.com,1,Lopez_93fe3
Kenneth,Williamson,19540310,36169599,Kenneth_Williamson@perez.com,1,Williamson_2b72a
William,Armstrong,19641118,25119611,William_Armstrong@richards.net,1,Armstrong_e8b45
Bruce,Browning,19631113,22984503,Bruce_Browning@robertson-baldwin.com,1,Browning_1f631
Shannon,Gilbert,19920613,34472903,Shannon_Gilbert@brown-schaefer.com,1,Gilbert_cba39
Amanda,Brown,19541218,52400391,Amanda_Brown@williams.com,1,Brown_cde99
Pedro,Mitchell,19610927,99595743,Pedro_Mitchell@sims.com,1,Mitchell_31c89
Riley,Gomez,19810211,20838807,Riley_Gomez@hoffman.com,1,Gomez_010a6
Shelby,Price,19860807,74350543,Shelby_Price@fuller.net,1,Price_e8f96
Scott,Harris,19901214,36307567,Scott_Harris@mullins.com,1,Harris_fc222
Bonnie,Franklin,19880714,22008807,Bonnie_Franklin@gillespie.com,1,Franklin_f8d94
Ashley,Morris,20021001,13085855,Ashley_Morris@marshall.net,1,Morris_73a97
Christopher,Stark,19710703,94716219,Christopher_Stark@blackwell.com,1,Stark_fc7cb
Vanessa,Johnson,19601019,89236567,Vanessa_Johnson@barber.com,1,Johnson_8fef3
Jack,Jensen,19601229,93571087,Jack_Jensen@kent-williamson.net,1,Jensen_676e2
Daniel,Armstrong,19820714,18991247,Daniel_Armstrong@brown.com,1,Armstrong_f79a4
Susan,Donovan,19690130,85222335,Susan_Donovan@jordan-anderson.com,1,Donovan_6c619
Michael,Serrano,19821107,12792543,Michael_Serrano@turner-maldonado.com,1,Serrano_9779b
Michael,Powell,19941127,63894311,Michael_Powell@mccall.com,1,Powell_4f74d
Alexander,Lowe,19610508,93074023,Alexander_Lowe@morris.com,1,Lowe_73be1
